experiment,time_stamps,fish_num,exp_type,bio_rep,tech_rep,fish_cohort,fps_Hz,rig_mm,vid_px,body_length,experiment_date
labels.vDavid_all_2wks.009_2wpf_061622_4.analysis.h5,NA,4,2wpf,,1,NA,121,150,1000,6,Davids_data_development
labels.vDavid_4wpf_060222_1.analysis.h5,NA,4,4wpf,,1,NA,121,150,1000,8,Davids_data_development
labels.vDavid_all_2wks.008_2wpf_061622_3.analysis.h5,NA,4,2wpf,,1,NA,121,150,1000,6,Davids_data_development
labels.vDavid_all_2wks.007_2wpf_061622_2.analysis.h5,NA,4,2wpf,,1,NA,121,150,1000,6,Davids_data_development
labels.vDavid_all_2wks.006_2wpf_061622_1.analysis.h5,NA,4,2wpf,,1,NA,121,150,1000,6,Davids_data_development
labels.vDavid_all_2wks.005_2wpf_091522_6.analysis.h5,NA,4,2wpf,,1,NA,121,150,1000,6,Davids_data_development
labels.vDavid_all_2wks.004_2wpf_091522_5.analysis.h5,NA,4,2wpf,,1,NA,121,150,1000,6,Davids_data_development
labels.vDavid_all_2wks.003_2wpf_091522_4.analysis.h5,NA,4,2wpf,,1,NA,121,150,1000,6,Davids_data_development
labels.vDavid_all_2wks.002_2wpf_091522_3.analysis.h5,NA,4,2wpf,,1,NA,121,150,1000,6,Davids_data_development
labels.vDavid_all_2wks.001_2wpf_091522_2.analysis.h5,NA,4,2wpf,,1,NA,121,150,1000,6,Davids_data_development
labels.vDavid_all_2wks.000_2wpf_091522_1.analysis.h5,NA,4,2wpf,,1,NA,121,150,1000,6,Davids_data_development
labels.vDavid_8wpf_091622_2.analysis.h5,NA,4,8wpf,,1,NA,121,350,1000,12,Davids_data_development
labels.vDavid_8wpf_091622_1.analysis.h5,NA,4,8wpf,,1,NA,121,350,1000,12,Davids_data_development
labels.vDavid_8wpf_070122_3.analysis.h5,NA,4,8wpf,,1,NA,121,350,1000,12,Davids_data_development
labels.vDavid_8wpf_070122_2.analysis.h5,NA,4,8wpf,,1,NA,121,350,1000,12,Davids_data_development
labels.vDavid_8wpf_070122_1.analysis.h5,NA,4,8wpf,,1,NA,121,350,1000,12,Davids_data_development
labels.vDavid_8wpf_062922_2.analysis.h5,NA,4,8wpf,,1,NA,121,350,1000,12,Davids_data_development
labels.vDavid_8wpf_062922_1.analysis.h5,NA,4,8wpf,,1,NA,121,350,1000,12,Davids_data_development
labels.vDavid_6wpf_091522_5.analysis.h5,NA,4,6wpf,,1,NA,121,350,1000,10,Davids_data_development
labels.vDavid_6wpf_091522_4.analysis.h5,NA,4,6wpf,,1,NA,121,350,1000,10,Davids_data_development
labels.vDavid_6wpf_091522_3.analysis.h5,NA,4,6wpf,,1,NA,121,350,1000,10,Davids_data_development
labels.vDavid_6wpf_091522_2.analysis.h5,NA,4,6wpf,,1,NA,121,350,1000,10,Davids_data_development
labels.vDavid_6wpf_091522_1.analysis.h5,NA,4,6wpf,,1,NA,121,350,1000,10,Davids_data_development
labels.vDavid_6wpf_061522_4.analysis.h5,NA,4,6wpf,,1,NA,121,350,1000,10,Davids_data_development
labels.vDavid_6wpf_061522_3.analysis.h5,NA,4,6wpf,,1,NA,121,350,1000,10,Davids_data_development
labels.vDavid_6wpf_061522_2.analysis.h5,NA,4,6wpf,,1,NA,121,350,1000,10,Davids_data_development
labels.vDavid_6wpf_061522_1.analysis.h5,NA,4,6wpf,,1,NA,121,350,1000,10,Davids_data_development
labels.vDavid_4wpf_092022_2.analysis.h5,NA,4,4wpf,,1,NA,121,150,1000,8,Davids_data_development
labels.vDavid_4wpf_092022_1.analysis.h5,NA,4,4wpf,,1,NA,121,150,1000,8,Davids_data_development
labels.vDavid_4wpf_060222_5.analysis.h5,NA,4,4wpf,,1,NA,121,150,1000,8,Davids_data_development
labels.vDavid_4wpf_060222_4.analysis.h5,NA,4,4wpf,,1,NA,121,150,1000,8,Davids_data_development
labels.vDavid_4wpf_060222_3.analysis.h5,NA,4,4wpf,,1,NA,121,150,1000,8,Davids_data_development
labels.vDavid_4wpf_060222_2.analysis.h5,NA,4,4wpf,,1,NA,121,150,1000,8,Davids_data_development
labels.vDavid_ctrl_iso6.018_072222_6wpf_5iso1_Trim1.analysis.h5,NA,4,iso,,1,NA,121,350,1000,10,Davids_data_iso
labels.vDavid_ctrl_iso6.000_020223_6wpf_ctrl_0_Trim.analysis.h5,NA,4,ctrl,,1,NA,121,350,1000,10,Davids_data_iso
labels.vDavid_ctrl_iso6.017_061622_6wpf_ctrl2_10minTrim.analysis.h5,NA,4,ctrl,,1,NA,121,350,1000,10,Davids_data_iso
labels.vDavid_ctrl_iso6.016_061622_6wpf_ctrl1_10minTrim.analysis.h5,NA,4,ctrl,,1,NA,121,350,1000,10,Davids_data_iso
labels.vDavid_ctrl_iso6.015_061622_6wpf_5iso0_10minTrim.analysis.h5,NA,4,iso,,1,NA,121,350,1000,10,Davids_data_iso
labels.vDavid_ctrl_iso6.014_061622_6wpf_5iso1_10minTrim.analysis.h5,NA,4,iso,,1,NA,121,350,1000,10,Davids_data_iso
labels.vDavid_ctrl_iso6.013_061622_6wpf_ctrl0_10minTrim.analysis.h5,NA,4,ctrl,,1,NA,121,350,1000,10,Davids_data_iso
labels.vDavid_ctrl_iso6.012_061622_6wpf_ctrl0_10minTrim2.analysis.h5,NA,4,ctrl,,1,NA,121,350,1000,10,Davids_data_iso
labels.vDavid_ctrl_iso6.010_100322_6wpf_plate1iso2_Trim.analysis.h5,NA,4,iso,,1,NA,121,350,1000,10,Davids_data_iso
labels.vDavid_ctrl_iso6.009_100322_6wpf_plate1iso2_Trim2.analysis.h5,NA,4,iso,,1,NA,121,350,1000,10,Davids_data_iso
labels.vDavid_ctrl_iso6.004_020223_6wpf_iso_3_Trim.analysis.h5,NA,4,iso,,1,NA,121,350,1000,10,Davids_data_iso
labels.vDavid_ctrl_iso6.003_020223_6wpf_iso_2_Trim.analysis.h5,NA,4,iso,,1,NA,121,350,1000,10,Davids_data_iso
labels.vDavid_ctrl_iso6.002_020223_6wpf_iso_1_Trim.analysis.h5,NA,4,iso,,1,NA,121,350,1000,10,Davids_data_iso
labels.vDavid_ctrl_iso6.001_020223_6wpf_ctrl_1_Trim.analysis.h5,NA,4,ctrl,,1,NA,121,350,1000,10,Davids_data_iso